gene_name,rsid,significance,GWAS.cs.size,CTSN.cs.size,Harbin.cs.size,Overlap.cs.size,Prioritized,Overlap.cs.snps
RAB29,rs4951258,CTSN,5,4,ND,0,"",""
AC093151.3,rs2885697,Both,1,59,26,0,"",""
AC093151.8,rs2885697,Both,1,59,26,0,"",""
PERM1,rs4970418,CTSN,5,7,ND,4,"rs74045046,rs56028034",rs4970418|rs6659460|rs74045046|rs56028034
MYOZ1,rs60212594,Both,2,6,14,2,"",rs60212594|rs60632610
F10,rs2316443,Harbin,83,135,51,27,"",rs2316443|rs8001506|rs35569628|rs9549702|rs6577034|rs2302755|rs2287250|rs9577218|rs7317558|rs1885688|rs9549365|rs9549366|rs9577220|rs6577031|rs2287244|rs9549716|rs9549717|rs1819204|rs9603814|rs3024764|rs3024735|rs3024743|rs3024744|rs3024746|rs3024756|rs2480949|rs3024747
AKAP6,rs11156751,Harbin,4,863,4,2,rs7140396,rs7140396|rs2145587
AC007686.1,rs10873298,Both,5,4,1,4,"rs10873298,rs8181996,rs10873299,rs12889775",rs10873298|rs8181996|rs10873299|rs12889775
LINC01629,rs10873298,Both,5,4,1,4,"rs10873298,rs8181996,rs10873299,rs12889775",rs10873298|rs8181996|rs10873299|rs12889775
AC016705.2,rs12908004,Both,1,1,6,1,rs12908004,rs12908004
ARNT2,rs12908004,Both,1,1,274,1,rs12908004,rs12908004
CTXND1,rs12908004,CTSN,1,717,ND,1,rs12908004,rs12908004
MAPT,rs242557,Both,1,1,1,1,rs242557,rs242557
MAPT-IT1,rs242557,CTSN,1,1,ND,1,rs242557,rs242557
STH,rs242557,CTSN,1,1,ND,1,rs242557,rs242557
SPATS2L,rs3820888,Both,5,56,20,0,"",""
CEP68,rs2540949,Both,5,1,2,1,"",rs1009358
MIR1-1HG-AS1,rs6089752,CTSN,7,17,ND,6,rs6089753,rs6089752|rs6089741|rs6089753|rs6089750|rs12624794|rs4637207
UBE2L3,rs5754508,CTSN,54,40,ND,29,"",rs12484001|rs5754508|rs3747093|rs4821104|rs12484550|rs5749495|rs5749502|rs2266963|rs5754177|rs131665|rs140491|rs73166622|rs2298429|rs131664|rs140489|rs140499|rs181359|rs5998599|rs5998619|rs140492|rs5998576|rs878825|rs66534072|rs1034329|rs73166632|rs2283790|rs738128|rs181362|rs5754217
AC072039.1,rs1278493,CTSN,12,21,ND,0,"",""
GNB4,rs7612445,Both,5,2,3,3,"rs7612445,rs7634416",rs7612445|rs7634416|rs2339798
SLC25A26,rs34080181,Harbin,8,4,9,2,"",rs332371|rs332370
BDH2,rs223449,CTSN,199,261,ND,178,"",rs223380|rs223420|rs223368|rs223379|rs223375|rs223449|rs223418|rs223415|rs223410|rs223403|rs223402|rs223397|rs223392|rs223390|rs223434|rs223419|rs223400|rs223398|rs223396|rs223360|rs4455415|rs724447|rs11731885|rs11938650|rs6818418|rs223407|rs223356|rs223352|rs223323|rs6853193|rs223450|rs223426|rs7681629|rs17033381|rs6810668|rs223443|rs223438|rs223437|rs223425|rs10017313|rs4699032|rs3857200|rs7676765|rs223462|rs223452|rs223445|rs3774987|rs11722779|rs223353|rs223349|rs223479|rs223459|rs223458|rs223446|rs223313|rs6823625|rs6846762|rs223463|rs223455|rs223447|rs7677003|rs4455413|rs223336|rs223310|rs223472|rs11724035|rs4699044|rs12508069|rs223480|rs223387|rs223324|rs223316|rs223314|rs223311|rs13136616|rs6830407|rs223343|rs4699045|rs223338|rs223330|rs223329|rs3974602|rs3974495|rs10015289|rs223381|rs223371|rs223362|rs223327|rs17215211|rs3974603|rs3843441|rs12500379|rs6852141|rs10004342|rs3974604|rs6533040|rs223412|rs13113923|rs3974478|rs4339216|rs7687707|rs3974608|rs7678030|rs1080081|rs223474|rs4645215|rs4698865|rs3974481|rs9999303|rs223342|rs223484|rs223453|rs65671|rs6815526|rs6824070|rs4540048|rs74200941|rs6816656|rs6829718|rs6830193|rs5028609|rs6815540|rs4698867|rs7663876|rs223332|rs4699033|rs6828072|rs3886722|rs223421|rs223406|rs223395|rs223464|rs223460|rs6856176|rs6847191|rs10003326|rs28845922|rs223465|rs223348|rs4543115|rs6533050|rs10032234|rs223385|rs223337|rs13130741|rs223468|rs77939343|rs7682755|rs2903284|rs223417|rs223409|rs223404|rs223399|rs223388|rs223386|rs223384|rs223383|rs223377|rs223334|rs9307281|rs4530634|rs4446311|rs6419160|rs6841492|rs223382|rs9685630|rs7676943|rs3974494|rs223422|rs223367|rs4533776|rs6533037|rs4235409|rs223416|rs223359|rs223357|rs223423|rs223351
SLC27A6,rs2012809,CTSN,47,30,ND,23,"",rs10520015|rs34217034|rs72795288|rs72795290|rs72795292|rs72795293|rs72795295|rs72795301|rs55745082|rs72797159|rs72795284|rs7701236|rs7719508|rs72795302|rs55721000|rs72797158|rs72797161|rs72795289|rs2577466|rs2522380|rs2577467|rs2522382|rs2545019
FAM13B,rs529526,CTSN,3,3,ND,2,"rs3756687,rs7722600",rs3756687|rs7722600
KDM1B,rs34969716,CTSN,1,17,ND,1,rs34969716,rs34969716
