snps_gene,snps,gene,GENEID,gene_name,seqnames,start,gene_type,rsid,Meta_P,statistic_Harbin,pvalue_Harbin,FDR_Harbin,beta_Harbin,statistic_CTSN,pvalue_CTSN,FDR_CTSN,beta_CTSN,MAF_harbin,MAF_CTSN,A1_harbin,A2_harbin,A1_CTSN,A2_CTSN,CTSN.signed.log10FDR,Harbin.signed.log10FDR,eQTL,eQTL.gene,significance,snp.ID,snp_gene,RAA.gtex_variant_id,RAA.gtex_tss_distance,RAA.gtex_maf,RAA.gtex_pval_nominal,RAA.gtex_pval_nominal_threshold,RAA.gtex_min_pval_nominal,snp_hg38.pos,Harbin_PP.H4,CTSN_PP.H4,FDR_DEG_CTSN,FDR_DEG_Harbin,Nielsen,Novelty,Annotated_gene,GWAS.cs.size,Overlap.cs.size,Prioritized
chr1:205722188:G:A_RAB29,chr1:205722188:G:A,ENSG00000117280.13,ENSG00000117280,RAB29,chr1,205767986,protein_coding,rs4951258,2e-09,3.33109437491537,0.00155040920094287,0.401004314323892,0.121679143066197,3.89979616012525,0.000277580040273528,0.0472969962702251,0.137397402709265,0.2687,0.3274,A,G,A,G,1.32516643948816,0.396850954868646,"","",CTSN,chr1:205722188,chr1:205722188_ENSG00000117280,chr1_205722188_G_A_b38,-53272,0.380376,1.32465e-18,9.84346e-05,9.56238e-36,205722188,0.250785605904246,0.472814756589198,0.822224804375209,0.667046009384654,2.104e-08,Known,NUCKS1,5,0,""
chr1:41078607:G:T_AC093151.3,chr1:41078607:G:T,ENSG00000235358.2,ENSG00000235358,AC093151.3,chr1,41242373,lncRNA,rs2885697,1e-10,-10.0203369817543,5.18893096990432e-14,2.52105204116382e-09,-0.780284669164775,-3.88064987451443,0.000295043747379628,0.049927199068896,-0.60132549365698,0.2612,0.3571,G,T,G,T,-1.30166279731447,-8.59841818924739,chr1:41078607:G:T_AC093151.3,AC093151.3,Both,chr1:41078607,chr1:41078607_ENSG00000235358,"",,,,,,41078607,0.451386918134799,0.00388617469331998,0.954078782588954,0.879427356915674,2.884e-10,Known,SCMH1,1,0,""
chr1:41078607:G:T_AC093151.8,chr1:41078607:G:T,ENSG00000287400.1,ENSG00000287400,AC093151.8,chr1,41241772,lncRNA,rs2885697,1e-10,-7.25822818134235,1.42379083472122e-09,1.46680292221396e-05,-0.366548236279773,-4.37563802664605,5.85261180798699e-05,0.0120381067602727,-0.186158153063773,0.2612,0.3571,G,T,G,T,-1.91944180944189,-4.83362823349455,chr1:41078607:G:T_AC093151.8,AC093151.8,Both,chr1:41078607,chr1:41078607_ENSG00000287400,"",,,,,,41078607,0.711542207524209,0.199139490414569,0.905041734501152,0.831422518501607,2.884e-10,Known,SCMH1,1,0,""
chr1:983237:G:A_PERM1,chr1:983237:G:A,ENSG00000187642.9,ENSG00000187642,PERM1,chr1,975204,protein_coding,rs4970418,1e-09,-2.56475104176285,0.0130841964528852,0.820188526669971,-0.410527416142911,-4.48368419970091,4.07010028303167e-05,0.0085984796489444,-0.395809393886812,0.06716,0.1488,A,G,A,G,-2.06557833229651,-0.0860863101994384,chr1:983237:G:A_PERM1,PERM1,CTSN,chr1:983237,chr1:983237_ENSG00000187642,chr1_983237_G_A_b38,1144,0.16129,4.30304e-14,9.9385e-05,3.5825e-15,983237,0.12184286671138,0.425296481568549,0.736854039600279,0.718775512379428,7.544e-06,Novel,PLEKHN1,5,5,"rs74045046,rs56028034"
chr10:73654586:G:C_MYOZ1,chr10:73654586:G:C,ENSG00000177791.12,ENSG00000177791,MYOZ1,chr10,73631612,protein_coding,rs60212594,8e-41,-6.78895163697449,8.3594194598784e-09,6.18481658786254e-05,-1.02849848938499,-7.66171378928894,4.37318386252227e-10,1.59385376429894e-07,-1.74742407264464,0.194,0.1548,C,G,C,G,-6.79755152752675,-4.20867317494518,chr10:73654586:G:C_MYOZ1,MYOZ1,Both,chr10:73654586,chr10:73654586_ENSG00000177791,chr10_73654586_G_C_b38,12829,0.130376,1.38505e-45,0.000250133,4.5217e-51,73654586,0.916655222644279,0.891240863380873,0.406062991060566,0.766770378151324,9.199e-35,Known,MYOZ1,2,2,""
chr12:122827504:C:T_CCDC62,chr12:122827504:C:T,ENSG00000130783.14,ENSG00000130783,CCDC62,chr12,122774526,protein_coding,rs897393,1e-09,4.1544580089908,0.000114664771812943,0.0883162345288273,0.141886624548776,-0.662911725672336,0.510315035726164,0.995049072223852,-0.0338944840666544,0.4104,0.2202,C,T,C,T,-0.0021555008919483,1.053959455899,chr12:122827504:C:T_CCDC62,CCDC62,Not significant,chr12:122827504,chr12:122827504_ENSG00000130783,"",,,,,,122827504,0.512475767530369,0.0761634814885434,0.978660282492482,0.803546342210794,3.267e-08,Known,VPS37B,43,43,""
chr13:113210523:G:A_F10,chr13:113210523:G:A,ENSG00000126218.12,ENSG00000126218,F10,chr13,113122799,protein_coding,rs2316443,2e-08,5.86608956119911,2.64487350727209e-07,0.000825100001819687,0.289751939984403,3.72676312202151,0.000479382401811533,0.0727400699094473,0.247255346400861,0.3582,0.2202,A,G,A,G,1.13822628588685,3.08349341192705,chr13:113210523:G:A_F10,F10,Harbin,chr13:113210523,chr13:113210523_ENSG00000126218,chr13_113210523_G_A_b38,87709,0.225806,5.68698e-06,6.22304e-05,4.2046e-06,113210523,0.829150839806701,0.326477612747996,0.84063035147899,0.486066972850662,2.349e-08,Known,F10,83,74,""
chr14:32521231:T:C_AKAP6,chr14:32521231:T:C,ENSG00000151320.11,ENSG00000151320,AKAP6,chr14,32329298,protein_coding,rs11156751,3e-30,-5.19503894018963,3.07947106576288e-06,0.00550611175462916,-0.149245630778999,-1.9454743806916,0.0571330393667856,0.811676816678046,-0.0760122671803757,0.4104,0.2798,C,T,C,T,-0.0906168582864159,-2.25915497820854,chr14:32521231:T:C_AKAP6,AKAP6,Harbin,chr14:32521231,chr14:32521231_ENSG00000151320,chr14_32521231_T_C_b38,191958,0.271505,4.2466e-08,7.46011e-05,1.91586e-08,32521231,0.875259456736761,0.125355104925026,0.773189913662439,0.201420122069957,6.941e-21,Known,AKAP6,4,4,rs7140396
chr14:76960182:C:T_AC007686.1,chr14:76960182:C:T,ENSG00000243225.2,ENSG00000243225,AC007686.1,chr14,76968683,processed_pseudogene,rs10873298,9e-12,-7.93306633719652,1.12119180548556e-10,1.74056757077072e-06,-0.897441631969003,-13.5510737817103,1.07586843458775e-18,4.96694589312978e-15,-1.77321554945883,0.3134,0.4702,C,T,C,T,-14.3039105709174,-5.75930911225718,chr14:76960182:C:T_AC007686.1,AC007686.1,Both,chr14:76960182,chr14:76960182_ENSG00000243225,chr14_76960182_C_T_b38,-8501,0.443548,1.15912e-78,7.8272e-05,1.15912e-78,76960182,0.984555529932395,0.996434008983992,0.400269773740258,0.996278150220442,7.072e-09,Known,IRF2BPL,5,4,"rs10873298,rs8181996,rs10873299,rs12889775"
chr14:76960182:C:T_LINC01629,chr14:76960182:C:T,ENSG00000258602.1,ENSG00000258602,LINC01629,chr14,76959638,lncRNA,rs10873298,9e-12,-9.37796585247959,5.28859712988054e-13,1.86661415150049e-08,-1.57388339395719,-15.3898794422446,5.27071696843255e-21,2.50360061758812e-17,-1.92388274970435,0.3134,0.4702,C,T,C,T,-16.601434949987,-7.72894544594616,chr14:76960182:C:T_LINC01629,LINC01629,Both,chr14:76960182,chr14:76960182_ENSG00000258602,chr14_76960182_C_T_b38,544,0.443548,5.33921e-89,6.79846e-05,3.42446e-89,76960182,0.981029531878757,0.99644628140084,0.300354943011507,0.925071969764162,7.072e-09,Known,IRF2BPL,5,4,"rs10873298,rs8181996,rs10873299,rs12889775"
chr15:80384583:A:G_AC016705.2,chr15:80384583:A:G,ENSG00000259495.3,ENSG00000259495,AC016705.2,chr15,80344853,lncRNA,rs12908004,1e-23,-5.83622916405697,2.95411696420692e-07,0.000916125561702002,-0.774794276979724,-5.92949777917825,2.48751727123439e-07,7.39509634470338e-05,-0.52880861725284,0.05224,0.1726,G,A,G,A,-4.1310561635602,-3.03804499902077,chr15:80384583:A:G_AC016705.2,AC016705.2,Both,chr15:80384583,chr15:80384583_ENSG00000259495,chr15_80384583_A_G_b38,-18992,0.162634,4.79437e-43,7.26219e-05,4.79437e-43,80384583,0.305561070312877,0.790264053269871,0.170831318138374,0.373109944428452,4.115e-16,Known,ARNT2,1,1,rs12908004
chr15:80384583:A:G_ARNT2,chr15:80384583:A:G,ENSG00000172379.21,ENSG00000172379,ARNT2,chr15,80404350,protein_coding,rs12908004,1e-23,-5.0232053115724,5.70170977977623e-06,0.00931716378890808,-0.611016632287836,-5.73019797623791,5.11844047151059e-07,0.00015072033293378,-0.531567855788022,0.05224,0.1726,G,A,G,A,-3.82182815521505,-2.03071626986539,chr15:80384583:A:G_ARNT2,ARNT2,Both,chr15:80384583,chr15:80384583_ENSG00000172379,chr15_80384583_A_G_b38,-19768,0.162634,1.774e-54,7.67164e-05,1.774e-54,80384583,0.239582292603864,0.754476520108285,0.42736634588224,0.419533665138998,4.115e-16,Known,ARNT2,1,1,rs12908004
chr15:80384583:A:G_CTXND1,chr15:80384583:A:G,ENSG00000259417.3,ENSG00000259417,CTXND1,chr15,80195481,protein_coding,rs12908004,1e-23,-4.22694096700501,9.00349739319632e-05,0.0738559002458228,-1.03273044087842,-5.01974938551239,6.42723508466778e-06,0.00147292062070813,-0.818534327090831,0.05224,0.1726,G,A,G,A,-2.8318206577177,-1.13161480377999,chr15:80384583:A:G_CTXND1,CTXND1,CTSN,chr15:80384583,chr15:80384583_ENSG00000259417,chr15_80384583_A_G_b38,132370,0.162634,6.43482e-29,7.65308e-05,6.43482e-29,80384583,0.0769449593948729,0.590515941790384,0.0430562942055222,0.549810365188715,4.115e-16,Known,ARNT2,1,1,rs12908004
chr15:98725621:C:G_IGF1R,chr15:98725621:C:G,ENSG00000140443.15,ENSG00000140443,IGF1R,chr15,98648539,protein_coding,rs4965430,3e-13,-1.66132077238176,0.102339587659172,1,0.0484520431083002,3.81345382666549,0.000365103114720784,0.0599925867261176,0.114530233985641,0.4627,0.4643,G,C,C,G,1.22190241199721,0,"","",Not significant,chr15:98725621,chr15:98725621_ENSG00000140443,"",,,,,,98725621,0.163079578285138,0.49205709865793,0.00113834680168186,0.614353383812599,1.258e-10,Known,IGF1R,9,9,""
chr15:98725621:C:G_IRAIN,chr15:98725621:C:G,ENSG00000259424.1,ENSG00000259424,IRAIN,chr15,98646951,lncRNA,rs4965430,3e-13,-1.93069418733097,0.0586824121432221,1,0.102990684295612,3.22972007187204,0.00214977112793919,0.214685443386321,0.180550803824599,0.4627,0.4643,G,C,C,G,0.668197401634156,0,"","",Not significant,chr15:98725621,chr15:98725621_ENSG00000259424,"",,,,,,98725621,0.152714492527581,0.670100494956713,0.130816653803335,,1.258e-10,Known,IGF1R,9,9,""
chr16:714753:C:G_HAGHL,chr16:714753:C:G,ENSG00000103253.18,ENSG00000103253,HAGHL,chr16,726936,protein_coding,rs3809666,4e-08,0.362911008705511,0.71806238122556,1,-0.0184651109305309,-3.55940310964467,0.000804095016999536,0.107018433749263,-0.220101043046231,0.3806,0.2619,C,G,G,C,-0.970541409360923,0,"","",Not significant,chr16:714753,chr16:714753_ENSG00000103253,chr16_714753_C_G_b38,-12183,0.224462,3.56863e-22,5.45593e-05,1.2268e-33,714753,0.0918079404660022,0.622588157769005,0.889804063318561,0.84298827013406,1.683e-06,Known,CIAO3,29,18,""
chr17:39893336:C:T_PGAP3,chr17:39893336:C:T,ENSG00000161395.14,ENSG00000161395,PGAP3,chr17,39671122,protein_coding,rs7359623,1e-14,2.80975714846963,0.00685298761786567,0.700354495113804,0.08701755556435,1.57221193209778,0.121966858446852,0.901559176399521,0.0722476051637005,0.3433,0.4405,T,C,T,C,0.0450057618530527,0.154682079554592,"","",Not significant,chr17:39893336,chr17:39893336_ENSG00000161395,chr17_39893336_C_T_b38,196539,0.487903,8.32725e-14,0.00015313,2.79664e-30,39893336,0.0986500857301159,0.655238851973491,0.859867175594518,0.112276929568661,4.394e-11,Known,IKZF3,31,2,""
chr17:45942346:G:A_MAPT,chr17:45942346:G:A,ENSG00000186868.15,ENSG00000186868,MAPT,chr17,45894382,protein_coding,rs242557,2e-11,8.93267956264343,2.70814552953565e-12,7.12277395417106e-08,-0.496083875625641,-9.01757812548715,3.26051053443708e-12,1.35760568664959e-09,-0.751622111503136,0.3881,0.381,G,A,A,G,-8.86722635154235,-7.14735083805244,chr17:45942346:G:A_MAPT,MAPT,Both,chr17:45942346,chr17:45942346_ENSG00000186868,chr17_45942346_G_A_b38,47964,0.350806,1.78591e-34,0.000179976,1.78591e-34,45942346,0.998704811880572,0.999157308324696,0.000305808048742509,0.0840495559239015,1.428e-05,Known,MAPT,1,1,rs242557
chr17:45942346:G:A_MAPT-IT1,chr17:45942346:G:A,ENSG00000279685.2,ENSG00000279685,MAPT-IT1,chr17,45895783,lncRNA,rs242557,2e-11,1.22951235292573,0.224113679235991,1,-0.0807661692162117,-6.59362804287561,2.19970187038775e-08,7.81420354869748e-06,-0.366395109886584,0.3881,0.381,G,A,A,G,-5.10711528022094,0,chr17:45942346:G:A_MAPT-IT1,MAPT-IT1,CTSN,chr17:45942346,chr17:45942346_ENSG00000279685,"",,,,,,45942346,0.0918416025873309,0.977375641970533,0.022720374033091,0.764961607106514,1.428e-05,Known,MAPT,1,1,rs242557
chr17:45942346:G:A_STH,chr17:45942346:G:A,ENSG00000256762.1,ENSG00000256762,STH,chr17,45999250,protein_coding,rs242557,2e-11,1.6992055738681,0.0949306602657439,1,-0.0985771855794387,-6.11969706284237,1.24529928542344e-07,3.76495661096534e-05,-0.303309391086108,0.3881,0.381,G,A,A,G,-4.42424002443723,0,chr17:45942346:G:A_STH,STH,CTSN,chr17:45942346,chr17:45942346_ENSG00000256762,"",,,,,,45942346,0.116720218739466,0.95661171417451,0.395550387397892,,1.428e-05,Known,MAPT,1,1,rs242557
chr2:200315300:T:C_SPATS2L,chr2:200315300:T:C,ENSG00000196141.14,ENSG00000196141,SPATS2L,chr2,200305881,protein_coding,rs3820888,9e-31,-7.0369393292285,3.28139951142025e-09,2.81342511502026e-05,0.222940533567787,4.50225106966422,3.82257439463684e-05,0.00813451797635373,0.179644245429807,0.2612,0.4643,T,C,C,T,2.0896681767667,4.55076463997908,chr2:200315300:T:C_SPATS2L,SPATS2L,Both,chr2:200315300,chr2:200315300_ENSG00000196141,chr2_200315300_T_C_b38,9419,0.397849,4.34236e-18,0.000166209,2.09322e-19,200315300,0.877438520144454,0.664148464042943,0.0493753454156912,0.793296430352947,5.748e-24,Known,SPATS2L,5,0,""
chr2:65057097:A:T_CEP68,chr2:65057097:A:T,ENSG00000011523.14,ENSG00000011523,CEP68,chr2,65056366,protein_coding,rs2540949,1e-33,9.09800864353974,1.47362951166707e-12,4.49559869537157e-08,0.221507029952226,7.81762009571288,2.47444606757298e-10,9.10303500893453e-08,0.197454557016117,0.3209,0.4524,T,A,T,A,7.04081378703286,7.34721246348977,chr2:65057097:A:T_CEP68,CEP68,Both,chr2:65057097,chr2:65057097_ENSG00000011523,chr2_65057097_A_T_b38,731,0.401882,1.63499e-54,6.95764e-05,1.76426e-59,65057097,0.968277121689897,0.896557686799661,0.354626423977725,0.903909460225085,2.949e-22,Known,CEP68,5,1,""
chr20:62557186:C:T_MIR1-1HG-AS1,chr20:62557186:C:T,ENSG00000174403.16,ENSG00000174403,MIR1-1HG-AS1,chr20,62544343,lncRNA,rs6089752,5e-12,-3.14833305766447,0.00265274153714591,0.500004807301824,-0.187434374852764,-4.47364708035038,4.21035565179832e-05,0.00887239662414134,-0.228515338968907,0.4851,0.3988,C,T,C,T,-2.05195905209043,-0.301025820114744,"","",CTSN,chr20:62557186,chr20:62557186_ENSG00000174403,chr20_62557186_C_T_b38,5660,0.46371,1.73871e-05,5.6738e-05,1.75651e-08,62557186,0.268808546905426,0.676268131636856,0.519142682307252,0.148119905604609,2.166e-06,Known,SLCO4A1,7,7,rs6089753
chr22:21644940:C:G_UBE2L3,chr22:21644940:C:G,ENSG00000185651.14,ENSG00000185651,UBE2L3,chr22,21549447,protein_coding,rs5754508,5e-08,-0.815138575473622,0.418508882507575,1,-0.0198801738835344,-4.54532461139689,3.30357970946863e-05,0.00707915526664869,-0.0706312748658451,0.306,0.1726,G,C,G,C,-2.15001856221427,0,chr22:21644940:C:G_UBE2L3,UBE2L3,CTSN,chr22:21644940,chr22:21644940_ENSG00000185651,"",,,,,,21644940,0.0797701009960653,0.505983927276338,0.0827608352241527,0.420307224644551,0.0001003,Novel,CCDC116,54,40,""
chr3:136095167:G:A_AC072039.1,chr3:136095167:G:A,ENSG00000227267.3,ENSG00000227267,AC072039.1,chr3,136055184,processed_pseudogene,rs1278493,8e-11,1.58408317217811,0.118908526838979,1,-0.142859685996519,-7.25913414300329,1.91127350003007e-09,6.90680639964354e-07,-0.334845329904265,0.1418,0.4286,A,G,G,A,-6.16072271725937,0,chr3:136095167:G:A_AC072039.1,AC072039.1,CTSN,chr3:136095167,chr3:136095167_ENSG00000227267,"",,,,,,136095167,0.0990534126099462,0.816299300183692,0.856892007565983,0.985710726707222,8.769e-09,Known,PCCB,12,11,""
chr3:136095167:G:A_PCCB,chr3:136095167:G:A,ENSG00000114054.14,ENSG00000114054,PCCB,chr3,136250340,protein_coding,rs1278493,8e-11,2.78449150009676,0.00733740314529348,0.710005612935282,-0.114738796712052,-3.70852042286351,0.000507465621008427,0.0761034944137923,-0.0745523662476115,0.1418,0.4286,A,G,G,A,-1.11859540144513,-0.148738217960946,"","",Not significant,chr3:136095167,chr3:136095167_ENSG00000114054,chr3_136095167_G_A_b38,-155139,0.459677,1.32983e-14,0.00023559,7.32534e-15,136095167,0.135580189046673,0.547231469641154,0.0196510988243428,0.906572054869512,8.769e-09,Known,PCCB,12,12,""
chr3:179455191:G:T_GNB4,chr3:179455191:G:T,ENSG00000114450.10,ENSG00000114450,GNB4,chr3,179396088,protein_coding,rs7612445,9e-13,-8.47355726996754,1.4849292096669e-11,3.02182828669119e-07,-0.479214220353163,-11.5361587386771,5.95583228308851e-16,6.70270340311711e-13,-0.622899633757323,0.1194,0.2798,T,G,T,G,-12.1737499978582,-6.51973021778034,chr3:179455191:G:T_GNB4,GNB4,Both,chr3:179455191,chr3:179455191_ENSG00000114450,chr3_179455191_G_T_b38,3601,0.185484,2.01491e-70,0.000115915,2.01491e-70,179455191,0.926619309994547,0.99783297558816,0.828701497195215,0.109131890515254,4.808e-09,Known,GNB4,5,3,"rs7612445,rs7634416"
chr3:66403767:G:A_SLC25A26,chr3:66403767:G:A,ENSG00000144741.17,ENSG00000144741,SLC25A26,chr3,66133610,protein_coding,rs34080181,1e-14,-4.64199077480584,2.18340012245111e-05,0.0270248590457435,-0.168983669502271,-2.76723395182473,0.00781204344280111,0.435889909927625,-0.086407979809973,0.1866,0.381,A,G,A,G,-0.360623184007029,-1.56823656252971,chr3:66403767:G:A_SLC25A26,SLC25A26,Harbin,chr3:66403767,chr3:66403767_ENSG00000144741,chr3_66403767_G_A_b38,270157,0.353495,2.43373e-09,7.79485e-05,2.04005e-20,66403767,0.6563930438419,0.110366163340785,0.878479828963542,0.0820217033676421,1.278e-10,Known,LRIG1,8,2,""
chr4:102791180:A:T_BDH2,chr4:102791180:A:T,ENSG00000164039.15,ENSG00000164039,BDH2,chr4,103077592,protein_coding,rs223449,3e-10,-0.849285394750313,0.399404147975787,1,-0.0264263060535686,-4.15635883602641,0.000121025714226963,0.0234285081846718,-0.152741629627131,0.4104,0.4405,T,A,T,A,-1.63025536431775,0,"","",CTSN,chr4:102791180,chr4:102791180_ENSG00000164039,chr4_102791180_A_T_b38,-308703,0.489247,4.65326e-08,0.000139624,4.9421e-48,102791180,0.127395511853255,0.515683933844248,0.484637818823265,0.961694721069196,7.074e-08,Known,MANBA,199,199,""
chr4:102791180:A:T_SLC9B1,chr4:102791180:A:T,ENSG00000164037.17,ENSG00000164037,SLC9B1,chr4,102885048,protein_coding,rs223449,3e-10,3.5201912727816,0.000874519759300961,0.311188163842206,0.1120942131397,2.90019633434486,0.00545312683334029,0.371381292110688,0.0788998707926081,0.4104,0.4405,T,A,T,A,0.430179977111396,0.506976929920696,"","",Not significant,chr4:102791180,chr4:102791180_ENSG00000164037,"",,,,,,102791180,0.596931142510009,0.22068818359958,0.350969033172935,0.505536249436956,7.074e-08,Known,MANBA,199,198,""
chr5:128854670:A:G_SLC27A6,chr5:128854670:A:G,ENSG00000113396.13,ENSG00000113396,SLC27A6,chr5,128538013,protein_coding,rs2012809,1e-11,-2.82654307393522,0.00654766001538839,0.694898341061362,-0.459583558595245,-8.11302879021757,8.44128267682333e-11,3.1238603383828e-08,-0.584227179664446,0.06716,0.1786,A,G,A,G,-7.50530839080803,-0.158078725115421,chr5:128854670:A:G_SLC27A6,SLC27A6,CTSN,chr5:128854670,chr5:128854670_ENSG00000113396,chr5_128854670_A_G_b38,9090,0.182796,6.5905e-33,0.000174804,1.48035e-41,128854670,0.117052308198202,0.813128377744464,2.35658593596011e-05,0.0305518233174064,4.923e-10,Known,SLC27A6,47,46,""
chr5:138107797:T:C_FAM13B,chr5:138107797:T:C,ENSG00000031003.10,ENSG00000031003,FAM13B,chr5,137937960,protein_coding,rs529526,7e-34,-0.772649901606948,0.443037385078441,1,-0.0220361974089213,3.4133781538809,0.00125054281831838,0.149690575565057,0.121637435724207,0.3134,0.2917,C,T,C,T,0.824805541733994,0,"","",Not significant,chr5:138107797,chr5:138107797_ENSG00000031003,chr5_138107797_T_C_b38,55836,0.280914,1.2284e-06,0.000185086,1.77837e-12,138107797,0.0873416429940865,0.775292782261175,0.272108024804504,0.993658947941463,1.804e-30,Known,KLHL3,3,2,"rs3756687,rs7722600"
chr6:18209878:G:A_KDM1B,chr6:18209878:G:A,ENSG00000165097.16,ENSG00000165097,KDM1B,chr6,18155329,protein_coding,rs34969716,6e-25,-4.39110162919775,5.17345738132825e-05,0.0519997675359763,-0.093810881955131,-4.68977543131594,2.01808195400942e-05,0.00441331417654753,-0.152387042394414,0.306,0.2679,A,G,A,G,-2.35523515474538,-1.28399859786652,chr6:18209878:G:A_KDM1B,KDM1B,CTSN,chr6:18209878,chr6:18209878_ENSG00000165097,chr6_18209878_G_A_b38,54549,0.299731,5.07174e-23,0.000115597,5.07174e-23,18209878,0.622121115358279,0.65771710929533,0.098535252149152,0.548801380436056,1.595e-19,Known,KDM1B,1,1,rs34969716
